{
  "type": "minecraft:crafting_shaped",
  "category": "misc",
  "pattern": [
    "X",
    "X",
    "X"
  ],
  "key": {
    "X": "minecraft:stone"
  },
  "result": {
    "id": "minecraft:command_block",
    "count": 1,
    "components": {
      "minecraft:custom_data": {
        "smithed": {
          "dict": {
            "rod": {
              "stone": true
            }
          },
          "ignore": {
            "functionality": true,
            "crafting": true
          }
        },
        "your_namespace": {
          "stone_rod": true
        }
      },
      "minecraft:item_model": "your_namespace:stone_rod",
      "minecraft:item_name": "{\"translate\":\"your_namespace.stone_rod\", \"italic\": false, \"color\": \"white\"}",
      "minecraft:lore": [
        "[\"\", {\"text\":\"I\", \"color\": \"white\", \"italic\": false, \"font\": \"your_namespace:icons\"}, {\"translate\":\"your_namespace.python_datapack_template\", \"italic\": true, \"color\": \"blue\"}]"
      ]
    }
  }
}
