{
  "type": "minecraft:block",
  "pools": [
    {
      "rolls": 1,
      "entries": [
        {
          "type": "minecraft:item",
          "name": "minecraft:deepslate",
          "functions": [
            {
              "function": "minecraft:set_custom_model_data",
              "value": 2010000
            },
            {
              "function": "minecraft:set_custom_data",
              "tag": "{\"common_signals\":{\"temp\":true}}"
            },
            {
              "function": "minecraft:set_custom_data",
              "tag": "{\"common_signals\":{\"silk_touch\":true}}",
              "conditions": [
                {
                  "condition": "minecraft:match_tool",
                  "predicate": {
                    "predicates": {
                      "minecraft:enchantments": [
                        {
                          "enchantments": "minecraft:silk_touch",
                          "levels": {
                            "min": 1
                          }
                        }
                      ]
                    }
                  }
                }
              ]
            },
            {
              "function": "minecraft:apply_bonus",
              "enchantment": "minecraft:fortune",
              "formula": "minecraft:ore_drops"
            }
          ]
        }
      ],
      "conditions": [
        {
          "condition": "minecraft:survives_explosion"
        }
      ]
    }
  ]
}
