{
  "pools": [
    {
      "rolls": 1,
      "entries": [
        {
          "type": "minecraft:item",
          "name": "minecraft:leather_leggings",
          "functions": [
            {
              "function": "minecraft:set_components",
              "components": {
                "minecraft:custom_data": {
                  "smithed": {
                    "dict": {
                      "armor": {
                        "steel": true,
                        "leggings": true
                      }
                    },
                    "ignore": {
                      "functionality": true,
                      "crafting": true
                    }
                  },
                  "your_namespace": {
                    "steel_leggings": true
                  }
                },
                "minecraft:max_damage": 675,
                "minecraft:equippable": {
                  "slot": "legs",
                  "asset_id": "your_namespace:steel"
                },
                "minecraft:attribute_modifiers": [
                  {
                    "type": "armor",
                    "amount": 5.5,
                    "operation": "add_value",
                    "slot": "legs",
                    "id": "your_namespace:armor.legs"
                  }
                ],
                "minecraft:item_model": "your_namespace:steel_leggings",
                "minecraft:item_name": "{\"translate\":\"your_namespace.steel_leggings\", \"italic\": false, \"color\": \"white\"}",
                "minecraft:lore": [
                  "[\"\", {\"text\":\"I\", \"color\": \"white\", \"italic\": false, \"font\": \"your_namespace:icons\"}, {\"translate\":\"your_namespace.python_datapack_template\", \"italic\": true, \"color\": \"blue\"}]"
                ]
              }
            }
          ]
        }
      ]
    }
  ]
}
