{
  "pools": [
    {
      "rolls": 1,
      "entries": [
        {
          "type": "minecraft:item",
          "name": "minecraft:command_block",
          "functions": [
            {
              "function": "minecraft:set_components",
              "components": {
                "minecraft:custom_data": {
                  "smithed": {
                    "dict": {
                      "stick": {
                        "steel": true
                      }
                    },
                    "ignore": {
                      "functionality": true,
                      "crafting": true
                    }
                  },
                  "your_namespace": {
                    "steel_stick": true
                  }
                },
                "minecraft:item_model": "your_namespace:steel_stick",
                "minecraft:item_name": "{\"translate\":\"your_namespace.steel_stick\", \"italic\": false, \"color\": \"white\"}",
                "minecraft:lore": [
                  "{\"translate\":\"your_namespace.python_datapack_template\", \"italic\": true, \"color\": \"blue\"}"
                ]
              }
            }
          ]
        }
      ]
    }
  ]
}
