{
  "pools": [
    {
      "rolls": 1,
      "entries": [
        {
          "type": "minecraft:item",
          "name": "minecraft:command_block",
          "functions": [
            {
              "function": "minecraft:set_components",
              "components": {
                "minecraft:custom_data": {
                  "smithed": {
                    "dict": {
                      "raw": {
                        "steel": true
                      }
                    },
                    "ignore": {
                      "functionality": true,
                      "crafting": true
                    }
                  },
                  "_your_namespace": {
                    "raw_steel": true
                  }
                },
                "minecraft:item_model": "_your_namespace:raw_steel",
                "minecraft:item_name": {
                  "translate": "_your_namespace.raw_steel",
                  "italic": false,
                  "color": "white"
                },
                "minecraft:lore": [
                  [
                    {
                      "translate": "_your_namespace.icon"
                    },
                    {
                      "translate": "_your_namespace.stewbeet_extensive_template",
                      "italic": true,
                      "color": "blue"
                    }
                  ]
                ]
              }
            }
          ]
        }
      ]
    }
  ]
}
