{
  "__bookshelf__": {
    "feature": true,
    "documentation": "https://docs.mcbookshelf.dev/en/latest/modules/log.html#debug",
    "authors": [
      "theogiraudet"
    ],
    "contributor": [
      "Aksiome"
    ],
    "created": {
      "date": "2023/08/05",
      "minecraft_version": "23w31a"
    },
    "updated": {
      "date": "2025/03/23",
      "minecraft_version": "1.21.5"
    }
  },
  "replace": true,
  "values": [
    "bs.log:time/get",
    "bs.log:severity/debug",
    "bs.log:history/record"
  ]
}
