{
  "pools": [
    {
      "rolls": 1,
      "entries": [
        {
          "type": "minecraft:item",
          "name": "minecraft:iron_sword",
          "functions": [
            {
              "function": "minecraft:set_components",
              "components": {
                "minecraft:custom_data": {
                  "smithed": {
                    "dict": {
                      "tools": {
                        "steel": true,
                        "sword": true
                      }
                    },
                    "ignore": {
                      "functionality": true,
                      "crafting": true
                    }
                  },
                  "_your_namespace": {
                    "steel_sword": true
                  }
                },
                "minecraft:max_damage": 750,
                "minecraft:attribute_modifiers": [
                  {
                    "type": "attack_damage",
                    "amount": 6,
                    "operation": "add_value",
                    "slot": "mainhand",
                    "id": "minecraft:base_attack_damage"
                  },
                  {
                    "type": "attack_speed",
                    "amount": -2.4,
                    "operation": "add_value",
                    "slot": "mainhand",
                    "id": "minecraft:base_attack_speed"
                  }
                ],
                "minecraft:item_model": "_your_namespace:steel_sword",
                "minecraft:item_name": {
                  "translate": "_your_namespace.steel_sword",
                  "italic": false,
                  "color": "white"
                },
                "minecraft:lore": [
                  [
                    "",
                    {
                      "text": "I",
                      "color": "white",
                      "italic": false,
                      "font": "_your_namespace:icons"
                    },
                    {
                      "translate": "_your_namespace.extensive_template",
                      "italic": true,
                      "color": "blue"
                    }
                  ]
                ]
              }
            }
          ]
        }
      ]
    }
  ]
}
