{
  "pools": [
    {
      "rolls": 1,
      "entries": [
        {
          "type": "minecraft:item",
          "name": "minecraft:leather_boots",
          "functions": [
            {
              "function": "minecraft:set_components",
              "components": {
                "minecraft:custom_data": {
                  "smithed": {
                    "dict": {
                      "armor": {
                        "steel": true,
                        "boots": true
                      }
                    },
                    "ignore": {
                      "functionality": true,
                      "crafting": true
                    }
                  },
                  "_your_namespace": {
                    "steel_boots": true
                  }
                },
                "minecraft:max_damage": 585,
                "minecraft:equippable": {
                  "slot": "feet",
                  "asset_id": "_your_namespace:steel"
                },
                "minecraft:attribute_modifiers": [
                  {
                    "type": "armor",
                    "amount": 2.5,
                    "operation": "add_value",
                    "slot": "feet",
                    "id": "_your_namespace:armor.feet"
                  }
                ],
                "minecraft:item_model": "_your_namespace:steel_boots",
                "minecraft:item_name": {
                  "translate": "_your_namespace.steel_boots"
                },
                "minecraft:lore": [
                  [
                    "",
                    {
                      "text": "I",
                      "color": "white",
                      "italic": false,
                      "font": "_your_namespace:icons"
                    },
                    {
                      "translate": "_your_namespace.extensive_template",
                      "italic": true,
                      "color": "blue"
                    }
                  ]
                ]
              }
            }
          ]
        }
      ]
    }
  ]
}
