{
  "pools": [
    {
      "rolls": 1,
      "entries": [
        {
          "type": "alternatives",
          "children": [
            {
              "type": "loot_table",
              "value": "bs.block:get/1",
              "functions": [
                {
                  "function": "set_custom_data",
                  "tag": "{\"_\":{1:\"face=wall,\"},properties:{face:\"wall\"}}"
                }
              ],
              "conditions": [
                {
                  "condition": "location_check",
                  "predicate": {
                    "block": {
                      "state": {
                        "face": "wall"
                      }
                    }
                  }
                }
              ]
            },
            {
              "type": "loot_table",
              "value": "bs.block:get/1",
              "functions": [
                {
                  "function": "set_custom_data",
                  "tag": "{\"_\":{1:\"face=ceiling,\"},properties:{face:\"ceiling\"}}"
                }
              ],
              "conditions": [
                {
                  "condition": "location_check",
                  "predicate": {
                    "block": {
                      "state": {
                        "face": "ceiling"
                      }
                    }
                  }
                }
              ]
            },
            {
              "type": "loot_table",
              "value": "bs.block:get/1",
              "functions": [
                {
                  "function": "set_custom_data",
                  "tag": "{\"_\":{1:\"face=floor,\"},properties:{face:\"floor\"}}"
                }
              ],
              "conditions": [
                {
                  "condition": "location_check",
                  "predicate": {
                    "block": {
                      "state": {
                        "face": "floor"
                      }
                    }
                  }
                }
              ]
            }
          ]
        }
      ]
    }
  ]
}
