{
  "pools": [
    {
      "rolls": 1,
      "entries": [
        {
          "type": "alternatives",
          "children": [
            {
              "type": "loot_table",
              "value": "bs.block:get/111",
              "functions": [
                {
                  "function": "set_custom_data",
                  "tag": "{\"_\":{3:\"stage=0,\"},properties:{stage:\"0\"}}"
                }
              ],
              "conditions": [
                {
                  "condition": "location_check",
                  "predicate": {
                    "block": {
                      "state": {
                        "stage": "0"
                      }
                    }
                  }
                }
              ]
            },
            {
              "type": "loot_table",
              "value": "bs.block:get/111",
              "functions": [
                {
                  "function": "set_custom_data",
                  "tag": "{\"_\":{3:\"stage=1,\"},properties:{stage:\"1\"}}"
                }
              ],
              "conditions": [
                {
                  "condition": "location_check",
                  "predicate": {
                    "block": {
                      "state": {
                        "stage": "1"
                      }
                    }
                  }
                }
              ]
            }
          ]
        }
      ]
    }
  ]
}
