{
  "pools": [
    {
      "rolls": 1,
      "entries": [
        {
          "type": "alternatives",
          "children": [
            {
              "type": "loot_table",
              "value": "bs.block:get/36",
              "functions": [
                {
                  "function": "set_custom_data",
                  "tag": "{\"_\":{1:\"type=normal,\"},properties:{type:\"normal\"}}"
                }
              ],
              "conditions": [
                {
                  "condition": "location_check",
                  "predicate": {
                    "block": {
                      "state": {
                        "type": "normal"
                      }
                    }
                  }
                }
              ]
            },
            {
              "type": "loot_table",
              "value": "bs.block:get/36",
              "functions": [
                {
                  "function": "set_custom_data",
                  "tag": "{\"_\":{1:\"type=sticky,\"},properties:{type:\"sticky\"}}"
                }
              ],
              "conditions": [
                {
                  "condition": "location_check",
                  "predicate": {
                    "block": {
                      "state": {
                        "type": "sticky"
                      }
                    }
                  }
                }
              ]
            }
          ]
        }
      ]
    }
  ]
}
