{
  "pools": [
    {
      "rolls": 1,
      "entries": [
        {
          "type": "alternatives",
          "children": [
            {
              "type": "loot_table",
              "value": "bs.block:get/134",
              "functions": [
                {
                  "function": "set_custom_data",
                  "tag": "{\"_\":{4:\"west=none,\"},properties:{west:\"none\"}}"
                }
              ],
              "conditions": [
                {
                  "condition": "location_check",
                  "predicate": {
                    "block": {
                      "state": {
                        "west": "none"
                      }
                    }
                  }
                }
              ]
            },
            {
              "type": "loot_table",
              "value": "bs.block:get/134",
              "functions": [
                {
                  "function": "set_custom_data",
                  "tag": "{\"_\":{4:\"west=up,\"},properties:{west:\"up\"}}"
                }
              ],
              "conditions": [
                {
                  "condition": "location_check",
                  "predicate": {
                    "block": {
                      "state": {
                        "west": "up"
                      }
                    }
                  }
                }
              ]
            },
            {
              "type": "loot_table",
              "value": "bs.block:get/134",
              "functions": [
                {
                  "function": "set_custom_data",
                  "tag": "{\"_\":{4:\"west=side,\"},properties:{west:\"side\"}}"
                }
              ],
              "conditions": [
                {
                  "condition": "location_check",
                  "predicate": {
                    "block": {
                      "state": {
                        "west": "side"
                      }
                    }
                  }
                }
              ]
            }
          ]
        }
      ]
    }
  ]
}
