{
  "pools": [
    {
      "rolls": 1,
      "entries": [
        {
          "type": "alternatives",
          "children": [
            {
              "type": "loot_table",
              "value": "bs.block:get/155",
              "functions": [
                {
                  "function": "set_custom_data",
                  "tag": "{\"_\":{1:\"trial_spawner_state=inactive,\"},properties:{\"trial_spawner_state\":\"inactive\"}}"
                }
              ],
              "conditions": [
                {
                  "condition": "location_check",
                  "predicate": {
                    "block": {
                      "state": {
                        "trial_spawner_state": "inactive"
                      }
                    }
                  }
                }
              ]
            },
            {
              "type": "loot_table",
              "value": "bs.block:get/155",
              "functions": [
                {
                  "function": "set_custom_data",
                  "tag": "{\"_\":{1:\"trial_spawner_state=waiting_for_players,\"},properties:{\"trial_spawner_state\":\"waiting_for_players\"}}"
                }
              ],
              "conditions": [
                {
                  "condition": "location_check",
                  "predicate": {
                    "block": {
                      "state": {
                        "trial_spawner_state": "waiting_for_players"
                      }
                    }
                  }
                }
              ]
            },
            {
              "type": "loot_table",
              "value": "bs.block:get/155",
              "functions": [
                {
                  "function": "set_custom_data",
                  "tag": "{\"_\":{1:\"trial_spawner_state=active,\"},properties:{\"trial_spawner_state\":\"active\"}}"
                }
              ],
              "conditions": [
                {
                  "condition": "location_check",
                  "predicate": {
                    "block": {
                      "state": {
                        "trial_spawner_state": "active"
                      }
                    }
                  }
                }
              ]
            },
            {
              "type": "loot_table",
              "value": "bs.block:get/155",
              "functions": [
                {
                  "function": "set_custom_data",
                  "tag": "{\"_\":{1:\"trial_spawner_state=waiting_for_reward_ejection,\"},properties:{\"trial_spawner_state\":\"waiting_for_reward_ejection\"}}"
                }
              ],
              "conditions": [
                {
                  "condition": "location_check",
                  "predicate": {
                    "block": {
                      "state": {
                        "trial_spawner_state": "waiting_for_reward_ejection"
                      }
                    }
                  }
                }
              ]
            },
            {
              "type": "loot_table",
              "value": "bs.block:get/155",
              "functions": [
                {
                  "function": "set_custom_data",
                  "tag": "{\"_\":{1:\"trial_spawner_state=ejecting_reward,\"},properties:{\"trial_spawner_state\":\"ejecting_reward\"}}"
                }
              ],
              "conditions": [
                {
                  "condition": "location_check",
                  "predicate": {
                    "block": {
                      "state": {
                        "trial_spawner_state": "ejecting_reward"
                      }
                    }
                  }
                }
              ]
            },
            {
              "type": "loot_table",
              "value": "bs.block:get/155",
              "functions": [
                {
                  "function": "set_custom_data",
                  "tag": "{\"_\":{1:\"trial_spawner_state=cooldown,\"},properties:{\"trial_spawner_state\":\"cooldown\"}}"
                }
              ],
              "conditions": [
                {
                  "condition": "location_check",
                  "predicate": {
                    "block": {
                      "state": {
                        "trial_spawner_state": "cooldown"
                      }
                    }
                  }
                }
              ]
            }
          ]
        }
      ]
    }
  ]
}
