{
  "pools": [
    {
      "rolls": 1,
      "entries": [
        {
          "type": "alternatives",
          "children": [
            {
              "type": "loot_table",
              "value": "bs.block:get/148",
              "functions": [
                {
                  "function": "set_custom_data",
                  "tag": "{\"_\":{1:\"eggs=1,\"},properties:{eggs:\"1\"}}"
                }
              ],
              "conditions": [
                {
                  "condition": "location_check",
                  "predicate": {
                    "block": {
                      "state": {
                        "eggs": "1"
                      }
                    }
                  }
                }
              ]
            },
            {
              "type": "loot_table",
              "value": "bs.block:get/148",
              "functions": [
                {
                  "function": "set_custom_data",
                  "tag": "{\"_\":{1:\"eggs=2,\"},properties:{eggs:\"2\"}}"
                }
              ],
              "conditions": [
                {
                  "condition": "location_check",
                  "predicate": {
                    "block": {
                      "state": {
                        "eggs": "2"
                      }
                    }
                  }
                }
              ]
            },
            {
              "type": "loot_table",
              "value": "bs.block:get/148",
              "functions": [
                {
                  "function": "set_custom_data",
                  "tag": "{\"_\":{1:\"eggs=3,\"},properties:{eggs:\"3\"}}"
                }
              ],
              "conditions": [
                {
                  "condition": "location_check",
                  "predicate": {
                    "block": {
                      "state": {
                        "eggs": "3"
                      }
                    }
                  }
                }
              ]
            },
            {
              "type": "loot_table",
              "value": "bs.block:get/148",
              "functions": [
                {
                  "function": "set_custom_data",
                  "tag": "{\"_\":{1:\"eggs=4,\"},properties:{eggs:\"4\"}}"
                }
              ],
              "conditions": [
                {
                  "condition": "location_check",
                  "predicate": {
                    "block": {
                      "state": {
                        "eggs": "4"
                      }
                    }
                  }
                }
              ]
            }
          ]
        }
      ]
    }
  ]
}
