{
  "pools": [
    {
      "rolls": 1,
      "entries": [
        {
          "type": "alternatives",
          "children": [
            {
              "type": "loot_table",
              "value": "bs.block:get/162",
              "functions": [
                {
                  "function": "set_custom_data",
                  "tag": "{\"_\":{2:\"vault_state=inactive,\"},properties:{\"vault_state\":\"inactive\"}}"
                }
              ],
              "conditions": [
                {
                  "condition": "location_check",
                  "predicate": {
                    "block": {
                      "state": {
                        "vault_state": "inactive"
                      }
                    }
                  }
                }
              ]
            },
            {
              "type": "loot_table",
              "value": "bs.block:get/162",
              "functions": [
                {
                  "function": "set_custom_data",
                  "tag": "{\"_\":{2:\"vault_state=active,\"},properties:{\"vault_state\":\"active\"}}"
                }
              ],
              "conditions": [
                {
                  "condition": "location_check",
                  "predicate": {
                    "block": {
                      "state": {
                        "vault_state": "active"
                      }
                    }
                  }
                }
              ]
            },
            {
              "type": "loot_table",
              "value": "bs.block:get/162",
              "functions": [
                {
                  "function": "set_custom_data",
                  "tag": "{\"_\":{2:\"vault_state=unlocking,\"},properties:{\"vault_state\":\"unlocking\"}}"
                }
              ],
              "conditions": [
                {
                  "condition": "location_check",
                  "predicate": {
                    "block": {
                      "state": {
                        "vault_state": "unlocking"
                      }
                    }
                  }
                }
              ]
            },
            {
              "type": "loot_table",
              "value": "bs.block:get/162",
              "functions": [
                {
                  "function": "set_custom_data",
                  "tag": "{\"_\":{2:\"vault_state=ejecting,\"},properties:{\"vault_state\":\"ejecting\"}}"
                }
              ],
              "conditions": [
                {
                  "condition": "location_check",
                  "predicate": {
                    "block": {
                      "state": {
                        "vault_state": "ejecting"
                      }
                    }
                  }
                }
              ]
            }
          ]
        }
      ]
    }
  ]
}
