{
  "pools": [
    {
      "rolls": 1,
      "entries": [
        {
          "type": "alternatives",
          "children": [
            {
              "type": "loot_table",
              "value": "bs.block:get/7",
              "functions": [
                {
                  "function": "set_custom_data",
                  "tag": "{\"_\":{1:\"type=bottom,\"},properties:{type:\"bottom\"}}"
                }
              ],
              "conditions": [
                {
                  "condition": "location_check",
                  "predicate": {
                    "block": {
                      "state": {
                        "type": "bottom"
                      }
                    }
                  }
                }
              ]
            },
            {
              "type": "loot_table",
              "value": "bs.block:get/7",
              "functions": [
                {
                  "function": "set_custom_data",
                  "tag": "{\"_\":{1:\"type=double,\"},properties:{type:\"double\"}}"
                }
              ],
              "conditions": [
                {
                  "condition": "location_check",
                  "predicate": {
                    "block": {
                      "state": {
                        "type": "double"
                      }
                    }
                  }
                }
              ]
            },
            {
              "type": "loot_table",
              "value": "bs.block:get/7",
              "functions": [
                {
                  "function": "set_custom_data",
                  "tag": "{\"_\":{1:\"type=top,\"},properties:{type:\"top\"}}"
                }
              ],
              "conditions": [
                {
                  "condition": "location_check",
                  "predicate": {
                    "block": {
                      "state": {
                        "type": "top"
                      }
                    }
                  }
                }
              ]
            }
          ]
        }
      ]
    }
  ]
}
