{
  "pools": [
    {
      "rolls": 1,
      "entries": [
        {
          "type": "alternatives",
          "children": [
            {
              "type": "loot_table",
              "value": "bs.block:get/1",
              "functions": [
                {
                  "function": "set_custom_data",
                  "tag": "{\"_\":{1:\"honey_level=0,\"},properties:{\"honey_level\":\"0\"}}"
                }
              ],
              "conditions": [
                {
                  "condition": "location_check",
                  "predicate": {
                    "block": {
                      "state": {
                        "honey_level": "0"
                      }
                    }
                  }
                }
              ]
            },
            {
              "type": "loot_table",
              "value": "bs.block:get/1",
              "functions": [
                {
                  "function": "set_custom_data",
                  "tag": "{\"_\":{1:\"honey_level=1,\"},properties:{\"honey_level\":\"1\"}}"
                }
              ],
              "conditions": [
                {
                  "condition": "location_check",
                  "predicate": {
                    "block": {
                      "state": {
                        "honey_level": "1"
                      }
                    }
                  }
                }
              ]
            },
            {
              "type": "loot_table",
              "value": "bs.block:get/1",
              "functions": [
                {
                  "function": "set_custom_data",
                  "tag": "{\"_\":{1:\"honey_level=2,\"},properties:{\"honey_level\":\"2\"}}"
                }
              ],
              "conditions": [
                {
                  "condition": "location_check",
                  "predicate": {
                    "block": {
                      "state": {
                        "honey_level": "2"
                      }
                    }
                  }
                }
              ]
            },
            {
              "type": "loot_table",
              "value": "bs.block:get/1",
              "functions": [
                {
                  "function": "set_custom_data",
                  "tag": "{\"_\":{1:\"honey_level=3,\"},properties:{\"honey_level\":\"3\"}}"
                }
              ],
              "conditions": [
                {
                  "condition": "location_check",
                  "predicate": {
                    "block": {
                      "state": {
                        "honey_level": "3"
                      }
                    }
                  }
                }
              ]
            },
            {
              "type": "loot_table",
              "value": "bs.block:get/1",
              "functions": [
                {
                  "function": "set_custom_data",
                  "tag": "{\"_\":{1:\"honey_level=4,\"},properties:{\"honey_level\":\"4\"}}"
                }
              ],
              "conditions": [
                {
                  "condition": "location_check",
                  "predicate": {
                    "block": {
                      "state": {
                        "honey_level": "4"
                      }
                    }
                  }
                }
              ]
            },
            {
              "type": "loot_table",
              "value": "bs.block:get/1",
              "functions": [
                {
                  "function": "set_custom_data",
                  "tag": "{\"_\":{1:\"honey_level=5,\"},properties:{\"honey_level\":\"5\"}}"
                }
              ],
              "conditions": [
                {
                  "condition": "location_check",
                  "predicate": {
                    "block": {
                      "state": {
                        "honey_level": "5"
                      }
                    }
                  }
                }
              ]
            }
          ]
        }
      ]
    }
  ]
}
