{
  "pools": [
    {
      "rolls": 1,
      "entries": [
        {
          "type": "alternatives",
          "children": [
            {
              "type": "loot_table",
              "value": "bs.block:get/2",
              "functions": [
                {
                  "function": "set_custom_data",
                  "tag": "{\"_\":{2:\"attachment=floor,\"},properties:{attachment:\"floor\"}}"
                }
              ],
              "conditions": [
                {
                  "condition": "location_check",
                  "predicate": {
                    "block": {
                      "state": {
                        "attachment": "floor"
                      }
                    }
                  }
                }
              ]
            },
            {
              "type": "loot_table",
              "value": "bs.block:get/2",
              "functions": [
                {
                  "function": "set_custom_data",
                  "tag": "{\"_\":{2:\"attachment=ceiling,\"},properties:{attachment:\"ceiling\"}}"
                }
              ],
              "conditions": [
                {
                  "condition": "location_check",
                  "predicate": {
                    "block": {
                      "state": {
                        "attachment": "ceiling"
                      }
                    }
                  }
                }
              ]
            },
            {
              "type": "loot_table",
              "value": "bs.block:get/2",
              "functions": [
                {
                  "function": "set_custom_data",
                  "tag": "{\"_\":{2:\"attachment=single_wall,\"},properties:{attachment:\"single_wall\"}}"
                }
              ],
              "conditions": [
                {
                  "condition": "location_check",
                  "predicate": {
                    "block": {
                      "state": {
                        "attachment": "single_wall"
                      }
                    }
                  }
                }
              ]
            },
            {
              "type": "loot_table",
              "value": "bs.block:get/2",
              "functions": [
                {
                  "function": "set_custom_data",
                  "tag": "{\"_\":{2:\"attachment=double_wall,\"},properties:{attachment:\"double_wall\"}}"
                }
              ],
              "conditions": [
                {
                  "condition": "location_check",
                  "predicate": {
                    "block": {
                      "state": {
                        "attachment": "double_wall"
                      }
                    }
                  }
                }
              ]
            }
          ]
        }
      ]
    }
  ]
}
