{
  "pools": [
    {
      "rolls": 1,
      "entries": [
        {
          "type": "alternatives",
          "children": [
            {
              "type": "loot_table",
              "value": "bs.block:get/21",
              "functions": [
                {
                  "function": "set_custom_data",
                  "tag": "{\"_\":{2:\"hydration=0,\"},properties:{hydration:\"0\"}}"
                }
              ],
              "conditions": [
                {
                  "condition": "location_check",
                  "predicate": {
                    "block": {
                      "state": {
                        "hydration": "0"
                      }
                    }
                  }
                }
              ]
            },
            {
              "type": "loot_table",
              "value": "bs.block:get/21",
              "functions": [
                {
                  "function": "set_custom_data",
                  "tag": "{\"_\":{2:\"hydration=1,\"},properties:{hydration:\"1\"}}"
                }
              ],
              "conditions": [
                {
                  "condition": "location_check",
                  "predicate": {
                    "block": {
                      "state": {
                        "hydration": "1"
                      }
                    }
                  }
                }
              ]
            },
            {
              "type": "loot_table",
              "value": "bs.block:get/21",
              "functions": [
                {
                  "function": "set_custom_data",
                  "tag": "{\"_\":{2:\"hydration=2,\"},properties:{hydration:\"2\"}}"
                }
              ],
              "conditions": [
                {
                  "condition": "location_check",
                  "predicate": {
                    "block": {
                      "state": {
                        "hydration": "2"
                      }
                    }
                  }
                }
              ]
            },
            {
              "type": "loot_table",
              "value": "bs.block:get/21",
              "functions": [
                {
                  "function": "set_custom_data",
                  "tag": "{\"_\":{2:\"hydration=3,\"},properties:{hydration:\"3\"}}"
                }
              ],
              "conditions": [
                {
                  "condition": "location_check",
                  "predicate": {
                    "block": {
                      "state": {
                        "hydration": "3"
                      }
                    }
                  }
                }
              ]
            }
          ]
        }
      ]
    }
  ]
}
