{
	"pools": [
		{
			"rolls": 1,
			"entries": [
				{
					"type": "minecraft:item",
					"name": "minecraft:command_block",
					"functions": [
						{
							"function": "minecraft:set_components",
							"components": {
								"minecraft:custom_data": {
									"your_namespace": {
										"shazinho": true
									},
									"smithed": {
										"dict": {"record": {"shazinho": true}},
										"ignore": {"functionality": true,"crafting": true}
									}
								},
								"minecraft:item_name": {
									"translate": "your_namespace.music_disc",
									"italic": false
								},
								"minecraft:jukebox_playable": "your_namespace:shazinho",
								"minecraft:max_stack_size": 1,
								"minecraft:rarity": "rare",
								"minecraft:item_model": "your_namespace:shazinho",
								"minecraft:lore": [
									[
										"",
										{"text": "I","color": "white","italic": false,"font": "your_namespace:icons"},
										{"translate": "your_namespace.python_datapack_template","italic": true,"color": "blue"}
									]
								]
							}
						}
					]
				}
			]
		}
	]
}
