{
	"type": "minecraft:crafting_shaped",
	"category": "misc",
	"pattern": [
		"X",
		"X",
		"X"
	],
	"key": {
		"X": "minecraft:stone"
	},
	"result": {
		"id": "minecraft:command_block",
		"count": 1,
		"components": {
			"minecraft:custom_data": {
				"smithed": {
					"dict": {
						"rod": {
							"stone": true
						}
					},
					"ignore": {
						"functionality": true,
						"crafting": true
					}
				},
				"_your_namespace": {
					"stone_rod": true
				}
			},
			"minecraft:item_model": "_your_namespace:stone_rod",
			"minecraft:item_name": {
				"translate": "_your_namespace.stone_rod",
				"italic": false,
				"color": "white"
			},
			"minecraft:lore": [
				[
					"",
					{
						"text": "I",
						"color": "white",
						"italic": false,
						"font": "_your_namespace:icons"
					},
					{
						"translate": "_your_namespace.extensive_template",
						"italic": true,
						"color": "blue"
					}
				]
			]
		}
	}
}
