{
	"pools": [
		{
			"rolls": 1,
			"entries": [
				{
					"type": "minecraft:item",
					"name": "minecraft:written_book",
					"functions": [
						{
							"function": "minecraft:set_components",
							"components": {
								"minecraft:item_name": "StewBeet Extensive Template Manual",
								"minecraft:item_model": "_your_namespace:manual",
								"minecraft:lore": [
									[
										{"translate": "_your_namespace.icon"},
										{"translate": "_your_namespace.stewbeet_extensive_template","italic": true,"color": "blue"}
									]
								],
								"minecraft:custom_data": {
									"_your_namespace": {
										"manual": true
									},
									"smithed": {
										"ignore": {"functionality": true,"crafting": true}
									}
								}
							}
						}
					]
				}
			]
		}
	]
}
