{
	"pools": [
		{
			"rolls": 1,
			"entries": [
				{
					"type": "minecraft:item",
					"name": "minecraft:command_block",
					"functions": [
						{
							"function": "minecraft:set_components",
							"components": {
								"minecraft:custom_data": {
									"_your_namespace": {
										"shazinho": true
									},
									"smithed": {
										"dict": {"record": {"shazinho": true}},
										"ignore": {"functionality": true,"crafting": true}
									}
								},
								"minecraft:item_name": {
									"translate": "_your_namespace.music_disc",
									"italic": false
								},
								"minecraft:jukebox_playable": "_your_namespace:shazinho",
								"minecraft:max_stack_size": 1,
								"minecraft:rarity": "rare",
								"minecraft:item_model": "_your_namespace:shazinho",
								"minecraft:lore": [
									[
										{"translate": "_your_namespace.icon"},
										{"translate": "_your_namespace.stewbeet_extensive_template","italic": true,"color": "blue"}
									]
								]
							}
						}
					]
				}
			]
		}
	]
}
