{
	"pools": [
		{
			"rolls": 1,
			"entries": [
				{
					"type": "minecraft:item",
					"name": "minecraft:iron_pickaxe",
					"functions": [
						{
							"function": "minecraft:set_components",
							"components": {
								"minecraft:custom_data": {
									"smithed": {
										"dict": {"tools": {"steel": true,"pickaxe": true}},
										"ignore": {"functionality": true,"crafting": true}
									},
									"_your_namespace": {
										"steel_pickaxe": true
									}
								},
								"minecraft:max_damage": 750,
								"minecraft:attribute_modifiers": [
									{
										"type": "attack_damage",
										"amount": 4,
										"operation": "add_value",
										"slot": "mainhand",
										"id": "minecraft:base_attack_damage"
									},
									{
										"type": "attack_speed",
										"amount": -2.8,
										"operation": "add_value",
										"slot": "mainhand",
										"id": "minecraft:base_attack_speed"
									},
									{
										"type": "mining_efficiency",
										"amount": 0.2,
										"operation": "add_value",
										"slot": "mainhand",
										"id": "_your_namespace:mining_efficiency.mainhand"
									}
								],
								"minecraft:item_model": "_your_namespace:steel_pickaxe",
								"minecraft:item_name": {
									"translate": "_your_namespace.steel_pickaxe",
									"italic": false,
									"color": "white"
								},
								"minecraft:lore": [
									[
										{"translate": "_your_namespace.icon"},
										{"translate": "_your_namespace.stewbeet_extensive_template","italic": true,"color": "blue"}
									]
								]
							}
						}
					]
				}
			]
		}
	]
}
