{
	"pools": [
		{
			"rolls": 1,
			"entries": [
				{
					"type": "minecraft:item",
					"name": "minecraft:furnace",
					"functions": [
						{
							"function": "minecraft:set_components",
							"components": {
								"minecraft:item_model": "_your_namespace:super_stone",
								"minecraft:item_name": {
									"translate": "_your_namespace.super_stone",
									"italic": false,
									"color": "white"
								},
								"minecraft:lore": [
									[
										"",
										{"text": "I","color": "white","italic": false,"font": "_your_namespace:icons"},
										{"translate": "_your_namespace.stewbeet_extensive_template","italic": true,"color": "blue"}
									]
								],
								"minecraft:custom_data": {
									"_your_namespace": {
										"super_stone": true
									},
									"smithed": {
										"ignore": {"functionality": true,"crafting": true}
									}
								},
								"minecraft:container": [
									{
										"slot": 0,
										"item": {"id": "minecraft:stone","count": 1,"components": {"minecraft:custom_data": {"smithed": {"block": {"id": "_your_namespace:super_stone","from": "_your_namespace"}}}}}
									}
								],
								"minecraft:tooltip_display": {
									"hidden_components": [
										"minecraft:container"
									]
								}
							}
						}
					]
				}
			]
		}
	]
}
