{
  "type": "minecraft:blasting",
  "ingredient": "minecraft:furnace",
  "result": {
    "id": "minecraft:command_block",
    "count": 1,
    "components": {
      "minecraft:custom_data": {
        "smithed": {
          "dict": {
            "ingot": {
              "steel": true
            }
          },
          "ignore": {
            "functionality": true,
            "crafting": true
          }
        },
        "your_namespace": {
          "steel_ingot": true
        }
      },
      "minecraft:item_model": "your_namespace:steel_ingot",
      "minecraft:item_name": {
        "translate": "your_namespace.steel_ingot",
        "italic": false,
        "color": "white"
      },
      "minecraft:lore": [
        [
          "",
          {
            "text": "I",
            "color": "white",
            "italic": false,
            "font": "your_namespace:icons"
          },
          {
            "translate": "your_namespace.python_datapack_template",
            "italic": true,
            "color": "blue"
          }
        ]
      ]
    }
  },
  "experience": 0.8,
  "cookingtime": 100
}
