{
  "__bookshelf__": {
    "feature": true,
    "documentation": "https://docs.mcbookshelf.dev/en/latest/modules/math.html#factorial",
    "authors": [
      "Aksiome",
      "KubbyDev",
      "SBtree-bit"
    ],
    "contributors": [
      "tryashtar"
    ],
    "created": {
      "date": "2017/09/08",
      "minecraft_version": "1.12.1"
    },
    "updated": {
      "date": "2023/08/31",
      "minecraft_version": "23w33a"
    }
  },
  "replace": true,
  "values": [
    "bs.math:factorial/factorial"
  ]
}
