{
	"providers": [
		{"type": "bitmap","file": "_your_namespace:font/category/material.png","ascent": 0,"height": 130,"chars": ["ဣ"]},
		{"type": "bitmap","file": "_your_namespace:font/high_res/steel_block.png","ascent": 7,"height": 16,"chars": ["耡"]},
		{"type": "bitmap","file": "_your_namespace:font/high_res/steel_ore.png","ascent": 7,"height": 16,"chars": ["耣"]},
		{"type": "bitmap","file": "_your_namespace:font/high_res/deepslate_steel_ore.png","ascent": 7,"height": 16,"chars": ["耥"]},
		{"type": "bitmap","file": "_your_namespace:font/high_res/raw_steel_block.png","ascent": 7,"height": 16,"chars": ["耧"]},
		{"type": "bitmap","file": "_your_namespace:font/high_res/steel_ingot.png","ascent": 7,"height": 16,"chars": ["耩"]},
		{"type": "bitmap","file": "_your_namespace:font/high_res/steel_nugget.png","ascent": 7,"height": 16,"chars": ["耫"]},
		{"type": "bitmap","file": "_your_namespace:font/high_res/raw_steel.png","ascent": 7,"height": 16,"chars": ["耭"]},
		{"type": "bitmap","file": "_your_namespace:font/high_res/steel_dust.png","ascent": 7,"height": 16,"chars": ["耯"]},
		{"type": "bitmap","file": "_your_namespace:font/high_res/steel_stick.png","ascent": 7,"height": 16,"chars": ["耱"]},
		{"type": "bitmap","file": "_your_namespace:font/high_res/stone_stick.png","ascent": 7,"height": 16,"chars": ["耳"]},
		{"type": "bitmap","file": "_your_namespace:font/high_res/stone_rod.png","ascent": 7,"height": 16,"chars": ["耵"]},
		{"type": "bitmap","file": "_your_namespace:font/category/equipment.png","ascent": 0,"height": 130,"chars": ["ဤ"]},
		{"type": "bitmap","file": "_your_namespace:font/high_res/steel_helmet.png","ascent": 7,"height": 16,"chars": ["耷"]},
		{"type": "bitmap","file": "_your_namespace:font/high_res/steel_chestplate.png","ascent": 7,"height": 16,"chars": ["耹"]},
		{"type": "bitmap","file": "_your_namespace:font/high_res/steel_leggings.png","ascent": 7,"height": 16,"chars": ["耻"]},
		{"type": "bitmap","file": "_your_namespace:font/high_res/steel_boots.png","ascent": 7,"height": 16,"chars": ["耽"]},
		{"type": "bitmap","file": "_your_namespace:font/high_res/steel_sword.png","ascent": 7,"height": 16,"chars": ["耿"]},
		{"type": "bitmap","file": "_your_namespace:font/high_res/steel_pickaxe.png","ascent": 7,"height": 16,"chars": ["聁"]},
		{"type": "bitmap","file": "_your_namespace:font/high_res/steel_axe.png","ascent": 7,"height": 16,"chars": ["聃"]},
		{"type": "bitmap","file": "_your_namespace:font/high_res/steel_shovel.png","ascent": 7,"height": 16,"chars": ["聅"]},
		{"type": "bitmap","file": "_your_namespace:font/high_res/steel_hoe.png","ascent": 7,"height": 16,"chars": ["聇"]},
		{"type": "bitmap","file": "_your_namespace:font/category/misc.png","ascent": 0,"height": 130,"chars": ["ဥ"]},
		{"type": "bitmap","file": "_your_namespace:font/high_res/shazinho.png","ascent": 7,"height": 16,"chars": ["聉"]},
		{"type": "bitmap","file": "_your_namespace:font/high_res/super_stone.png","ascent": 7,"height": 16,"chars": ["聋"]},
		{"type": "bitmap","file": "_your_namespace:font/high_res/manual.png","ascent": 7,"height": 16,"chars": ["聍"]},
		{"type": "bitmap","file": "_your_namespace:font/high_res/steel_ingot_9.png","ascent": 7,"height": 16,"chars": ["聓"]},
		{"type": "bitmap","file": "_your_namespace:font/wiki_icons/_your_namespace_steel_ingot.png","ascent": 8,"height": 16,"chars": ["聕"]},
		{"type": "bitmap","file": "_your_namespace:font/page/steel_ore.png","ascent": 0,"height": 40,"chars": ["ဧ"]},
		{"type": "bitmap","file": "_your_namespace:font/wiki_icons/_your_namespace_steel_ingot.png","ascent": 8,"height": 16,"chars": ["聙"]},
		{"type": "bitmap","file": "_your_namespace:font/high_res/steel_dust_2.png","ascent": 7,"height": 16,"chars": ["聚"]},
		{"type": "bitmap","file": "_your_namespace:font/wiki_icons/_your_namespace_steel_dust.png","ascent": 8,"height": 16,"chars": ["聜"]},
		{"type": "bitmap","file": "_your_namespace:font/page/deepslate_steel_ore.png","ascent": 0,"height": 40,"chars": ["ဨ"]},
		{"type": "bitmap","file": "_your_namespace:font/wiki_icons/_your_namespace_steel_ingot.png","ascent": 8,"height": 16,"chars": ["聠"]},
		{"type": "bitmap","file": "_your_namespace:font/wiki_icons/_your_namespace_steel_dust.png","ascent": 8,"height": 16,"chars": ["聣"]},
		{"type": "bitmap","file": "_your_namespace:font/wiki_icons/_your_namespace_steel_block.png","ascent": 8,"height": 16,"chars": ["聸"]},
		{"type": "bitmap","file": "_your_namespace:font/wiki_icons/_your_namespace_steel_helmet.png","ascent": 8,"height": 16,"chars": ["聻"]},
		{"type": "bitmap","file": "_your_namespace:font/wiki_icons/_your_namespace_steel_chestplate.png","ascent": 8,"height": 16,"chars": ["聾"]},
		{"type": "bitmap","file": "_your_namespace:font/wiki_icons/_your_namespace_steel_leggings.png","ascent": 8,"height": 16,"chars": ["肁"]},
		{"type": "bitmap","file": "_your_namespace:font/wiki_icons/_your_namespace_steel_boots.png","ascent": 8,"height": 16,"chars": ["肄"]},
		{"type": "bitmap","file": "_your_namespace:font/high_res/stick.png","ascent": 7,"height": 16,"chars": ["肇"]},
		{"type": "bitmap","file": "_your_namespace:font/wiki_icons/_your_namespace_steel_sword.png","ascent": 8,"height": 16,"chars": ["肈"]},
		{"type": "bitmap","file": "_your_namespace:font/wiki_icons/_your_namespace_steel_pickaxe.png","ascent": 8,"height": 16,"chars": ["肌"]},
		{"type": "bitmap","file": "_your_namespace:font/wiki_icons/_your_namespace_steel_axe.png","ascent": 8,"height": 16,"chars": ["肐"]},
		{"type": "bitmap","file": "_your_namespace:font/wiki_icons/_your_namespace_steel_shovel.png","ascent": 8,"height": 16,"chars": ["肔"]},
		{"type": "bitmap","file": "_your_namespace:font/wiki_icons/_your_namespace_steel_hoe.png","ascent": 8,"height": 16,"chars": ["肘"]},
		{"type": "bitmap","file": "_your_namespace:font/high_res/steel_nugget_9.png","ascent": 7,"height": 16,"chars": ["肙"]},
		{"type": "bitmap","file": "_your_namespace:font/wiki_icons/_your_namespace_steel_nugget.png","ascent": 8,"height": 16,"chars": ["肛"]},
		{"type": "bitmap","file": "_your_namespace:font/wiki_icons/_your_namespace_steel_dust.png","ascent": 8,"height": 16,"chars": ["肞"]},
		{"type": "bitmap","file": "_your_namespace:font/high_res/steel_stick_4.png","ascent": 7,"height": 16,"chars": ["肟"]},
		{"type": "bitmap","file": "_your_namespace:font/wiki_icons/_your_namespace_steel_stick.png","ascent": 8,"height": 16,"chars": ["股"]},
		{"type": "bitmap","file": "_your_namespace:font/high_res/book.png","ascent": 7,"height": 16,"chars": ["肣"]},
		{"type": "bitmap","file": "_your_namespace:font/wiki_icons/_your_namespace_manual.png","ascent": 8,"height": 16,"chars": ["肥"]},
		{"type": "bitmap","file": "_your_namespace:font/wiki_icons/_your_namespace_steel_ingot.png","ascent": 8,"height": 16,"chars": ["肾"]},
		{"type": "bitmap","file": "_your_namespace:font/page/raw_steel.png","ascent": 0,"height": 40,"chars": ["ာ"]},
		{"type": "bitmap","file": "_your_namespace:font/wiki_icons/_your_namespace_raw_steel_block.png","ascent": 8,"height": 16,"chars": ["胂"]},
		{"type": "bitmap","file": "_your_namespace:font/wiki_icons/_your_namespace_steel_ingot.png","ascent": 8,"height": 16,"chars": ["胅"]},
		{"type": "bitmap","file": "_your_namespace:font/wiki_icons/_your_namespace_steel_dust.png","ascent": 8,"height": 16,"chars": ["胈"]},
		{"type": "bitmap","file": "_your_namespace:font/wiki_icons/_your_namespace_steel_ingot.png","ascent": 8,"height": 16,"chars": ["胕"]},
		{"type": "bitmap","file": "_your_namespace:font/wiki_icons/_your_namespace_steel_ingot.png","ascent": 8,"height": 16,"chars": ["胘"]},
		{"type": "bitmap","file": "_your_namespace:font/high_res/stone_stick_4.png","ascent": 7,"height": 16,"chars": ["胝"]},
		{"type": "bitmap","file": "_your_namespace:font/high_res/stone.png","ascent": 7,"height": 16,"chars": ["胞"]},
		{"type": "bitmap","file": "_your_namespace:font/wiki_icons/_your_namespace_steel_nugget.png","ascent": 8,"height": 16,"chars": ["胫"]},
		{"type": "bitmap","file": "_your_namespace:font/wiki_icons/_your_namespace_steel_nugget.png","ascent": 8,"height": 16,"chars": ["胲"]},
		{"type": "bitmap","file": "_your_namespace:font/wiki_icons/_your_namespace_steel_nugget.png","ascent": 8,"height": 16,"chars": ["胹"]},
		{"type": "bitmap","file": "_your_namespace:font/wiki_icons/_your_namespace_steel_nugget.png","ascent": 8,"height": 16,"chars": ["脀"]},
		{"type": "bitmap","file": "_your_namespace:font/wiki_icons/_your_namespace_steel_nugget.png","ascent": 8,"height": 16,"chars": ["脉"]},
		{"type": "bitmap","file": "_your_namespace:font/wiki_icons/_your_namespace_steel_nugget.png","ascent": 8,"height": 16,"chars": ["脒"]},
		{"type": "bitmap","file": "_your_namespace:font/wiki_icons/_your_namespace_steel_nugget.png","ascent": 8,"height": 16,"chars": ["脛"]},
		{"type": "bitmap","file": "_your_namespace:font/wiki_icons/_your_namespace_steel_nugget.png","ascent": 8,"height": 16,"chars": ["脤"]},
		{"type": "bitmap","file": "_your_namespace:font/wiki_icons/_your_namespace_steel_nugget.png","ascent": 8,"height": 16,"chars": ["脭"]},
		{"type": "bitmap","file": "_your_namespace:font/page/shazinho.png","ascent": 0,"height": 40,"chars": ["်"]},
		{"type": "bitmap","file": "_your_namespace:font/high_res/deepslate.png","ascent": 7,"height": 16,"chars": ["脴"]},
		{"type": "bitmap","file": "_your_namespace:font/high_res/diamond.png","ascent": 7,"height": 16,"chars": ["脵"]},
		{"type": "bitmap","file": "_your_namespace:font/wiki_icons/minecraft_diamond.png","ascent": 8,"height": 16,"chars": ["脷"]},
		{"type": "bitmap","file": "_your_namespace:font/category/categories_page.png","ascent": 0,"height": 130,"chars": ["အ"]},
		{"type": "bitmap","file": "_your_namespace:font/page/_logo.png","ascent": 0,"height": 40,"chars": ["ဠ"]},
		{"type": "bitmap","file": "_your_namespace:font/none.png","ascent": 8,"height": 20,"chars": [" "]},
		{"type": "bitmap","file": "_your_namespace:font/none.png","ascent": 8,"height": 18,"chars": ["!"]},
		{"type": "bitmap","file": "_your_namespace:font/none.png","ascent": 7,"height": 7,"chars": ["\""]},
		{"type": "bitmap","file": "_your_namespace:font/none.png","ascent": 0,"height": 2,"chars": ["#"]},
		{"type": "bitmap","file": "_your_namespace:font/none.png","ascent": 0,"height": 1,"chars": ["$"]},
		{"type": "bitmap","file": "_your_namespace:font/none.png","ascent": 7,"height": 16,"chars": ["%"]},
		{"type": "bitmap","file": "_your_namespace:font/invisible_item.png","ascent": 7,"height": 16,"chars": ["1"]},
		{"type": "bitmap","file": "_your_namespace:font/wiki_information.png","ascent": 8,"height": 16,"chars": ["&"]},
		{"type": "bitmap","file": "_your_namespace:font/wiki_result_of_craft.png","ascent": 8,"height": 16,"chars": ["'"]},
		{"type": "bitmap","file": "_your_namespace:font/wiki_ingredient_of_craft.png","ascent": 8,"height": 16,"chars": ["("]},
		{"type": "bitmap","file": "_your_namespace:font/shaped_3x3.png","ascent": 1,"height": 58,"chars": ["*"]},
		{"type": "bitmap","file": "_your_namespace:font/shaped_2x2.png","ascent": 1,"height": 58,"chars": [")"]},
		{"type": "bitmap","file": "_your_namespace:font/furnace.png","ascent": 1,"height": 58,"chars": ["+"]},
		{"type": "bitmap","file": "_your_namespace:font/pulverizing.png","ascent": 4,"height": 58,"chars": [","]},
		{"type": "bitmap","file": "_your_namespace:font/shaped_3x3.png","ascent": -4,"height": 58,"chars": ["."]},
		{"type": "bitmap","file": "_your_namespace:font/shaped_2x2.png","ascent": -2,"height": 58,"chars": ["-"]},
		{"type": "bitmap","file": "_your_namespace:font/furnace.png","ascent": -3,"height": 58,"chars": ["/"]},
		{"type": "bitmap","file": "_your_namespace:font/pulverizing.png","ascent": -3,"height": 58,"chars": ["0"]}
	]
}
