{
	"pools": [
		{"rolls": 1,"entries": [{"type": "minecraft:loot_table","value": "_your_namespace:i/steel_block"}]},
		{"rolls": 1,"entries": [{"type": "minecraft:loot_table","value": "_your_namespace:i/steel_ore"}]},
		{"rolls": 1,"entries": [{"type": "minecraft:loot_table","value": "_your_namespace:i/deepslate_steel_ore"}]},
		{"rolls": 1,"entries": [{"type": "minecraft:loot_table","value": "_your_namespace:i/raw_steel_block"}]},
		{"rolls": 1,"entries": [{"type": "minecraft:loot_table","value": "_your_namespace:i/steel_helmet"}]},
		{"rolls": 1,"entries": [{"type": "minecraft:loot_table","value": "_your_namespace:i/steel_chestplate"}]},
		{"rolls": 1,"entries": [{"type": "minecraft:loot_table","value": "_your_namespace:i/steel_leggings"}]},
		{"rolls": 1,"entries": [{"type": "minecraft:loot_table","value": "_your_namespace:i/steel_boots"}]},
		{"rolls": 1,"entries": [{"type": "minecraft:loot_table","value": "_your_namespace:i/steel_sword"}]},
		{"rolls": 1,"entries": [{"type": "minecraft:loot_table","value": "_your_namespace:i/steel_pickaxe"}]},
		{"rolls": 1,"entries": [{"type": "minecraft:loot_table","value": "_your_namespace:i/steel_axe"}]},
		{"rolls": 1,"entries": [{"type": "minecraft:loot_table","value": "_your_namespace:i/steel_shovel"}]},
		{"rolls": 1,"entries": [{"type": "minecraft:loot_table","value": "_your_namespace:i/steel_hoe"}]},
		{"rolls": 1,"entries": [{"type": "minecraft:loot_table","value": "_your_namespace:i/steel_ingot"}]},
		{"rolls": 1,"entries": [{"type": "minecraft:loot_table","value": "_your_namespace:i/steel_nugget"}]},
		{"rolls": 1,"entries": [{"type": "minecraft:loot_table","value": "_your_namespace:i/raw_steel"}]},
		{"rolls": 1,"entries": [{"type": "minecraft:loot_table","value": "_your_namespace:i/steel_dust"}]},
		{"rolls": 1,"entries": [{"type": "minecraft:loot_table","value": "_your_namespace:i/steel_stick"}]},
		{"rolls": 1,"entries": [{"type": "minecraft:loot_table","value": "_your_namespace:i/stone_stick"}]},
		{"rolls": 1,"entries": [{"type": "minecraft:loot_table","value": "_your_namespace:i/stone_rod"}]},
		{"rolls": 1,"entries": [{"type": "minecraft:loot_table","value": "_your_namespace:i/shazinho"}]},
		{"rolls": 1,"entries": [{"type": "minecraft:loot_table","value": "_your_namespace:i/super_stone"}]},
		{"rolls": 1,"entries": [{"type": "minecraft:loot_table","value": "_your_namespace:i/manual"}]}
	]
}
