{
	"type": "minecraft:crafting_shaped",
	"category": "misc",
	"pattern": [
		"X",
		"X"
	],
	"key": {
		"X": "minecraft:stone"
	},
	"result": {
		"id": "minecraft:command_block",
		"count": 4,
		"components": {
			"minecraft:custom_data": {
				"smithed": {
					"dict": {"stick": {"stone": true}},
					"ignore": {"functionality": true,"crafting": true}
				},
				"your_namespace": {
					"stone_stick": true
				}
			},
			"minecraft:item_model": "your_namespace:stone_stick",
			"minecraft:item_name": "{\"translate\":\"your_namespace.stone_stick\", \"italic\": false, \"color\": \"white\"}",
			"minecraft:lore": [
				"[\"\", {\"text\":\"I\", \"color\": \"white\", \"italic\": false, \"font\": \"your_namespace:icons\"}, {\"translate\":\"your_namespace.python_datapack_template\", \"italic\": true, \"color\": \"blue\"}]"
			]
		}
	}
}
