{
  "pools": [
    {
      "rolls": 1,
      "entries": [
        {
          "type": "minecraft:item",
          "name": "minecraft:iron_shovel",
          "functions": [
            {
              "function": "minecraft:set_components",
              "components": {
                "minecraft:custom_data": {
                  "smithed": {
                    "dict": {
                      "tools": {
                        "steel": true,
                        "shovel": true
                      }
                    },
                    "ignore": {
                      "functionality": true,
                      "crafting": true
                    }
                  },
                  "your_namespace": {
                    "steel_shovel": true
                  }
                },
                "minecraft:max_damage": 750,
                "minecraft:attribute_modifiers": [
                  {
                    "type": "attack_damage",
                    "amount": 5.5,
                    "operation": "add_value",
                    "slot": "mainhand",
                    "id": "your_namespace:attack_damage.mainhand"
                  },
                  {
                    "type": "attack_speed",
                    "amount": -3.1,
                    "operation": "add_value",
                    "slot": "mainhand",
                    "id": "your_namespace:attack_speed.mainhand"
                  },
                  {
                    "type": "mining_efficiency",
                    "amount": 0.2,
                    "operation": "add_value",
                    "slot": "mainhand",
                    "id": "your_namespace:mining_efficiency.mainhand"
                  }
                ],
                "minecraft:item_model": "your_namespace:steel_shovel",
                "minecraft:item_name": "{'translate':'your_namespace.steel_shovel', 'italic': false, 'color': 'white'}",
                "minecraft:lore": [
                  "{'translate':'your_namespace.template', 'italic': true, 'color': 'blue'}"
                ]
              }
            }
          ]
        }
      ]
    }
  ]
}
