{
  "pools": [
    {
      "rolls": 1,
      "entries": [
        {
          "type": "minecraft:item",
          "name": "minecraft:leather_chestplate",
          "functions": [
            {
              "function": "minecraft:set_components",
              "components": {
                "minecraft:custom_data": {
                  "smithed": {
                    "dict": {
                      "armor": {
                        "steel": true,
                        "chestplate": true
                      }
                    },
                    "ignore": {
                      "functionality": true,
                      "crafting": true
                    }
                  },
                  "your_namespace": {
                    "steel_chestplate": true
                  }
                },
                "minecraft:dyed_color": {
                  "rgb": 5460819,
                  "show_in_tooltip": false
                },
                "minecraft:max_damage": 720,
                "minecraft:equippable": {
                  "slot": "chest",
                  "model": "your_namespace:steel"
                },
                "minecraft:attribute_modifiers": [
                  {
                    "type": "armor",
                    "amount": 6.5,
                    "operation": "add_value",
                    "slot": "chest",
                    "id": "your_namespace:armor.chest"
                  }
                ],
                "minecraft:item_model": "your_namespace:steel_chestplate",
                "minecraft:item_name": "{'translate':'your_namespace.steel_chestplate', 'italic': false, 'color': 'white'}",
                "minecraft:lore": [
                  "{'translate':'your_namespace.template', 'italic': true, 'color': 'blue'}"
                ]
              }
            }
          ]
        }
      ]
    }
  ]
}
