{
	"type": "minecraft:crafting_shaped",
	"category": "blocks",
	"group": "super_stone",
	"pattern": [
		"XXX",
		"XXX",
		"XXX"
	],
	"key": {
		"X": {
			"item": "minecraft:stone"
		}
	},
	"result": {
		"id": "minecraft:furnace",
		"count": 1,
		"components": {
			"minecraft:custom_model_data": 30018,
			"minecraft:item_name": "{'translate':'your_namespace.super_stone', 'italic': false, 'color': 'white'}",
			"minecraft:lore": [
				"{'translate':'your_namespace.template', 'italic': true, 'color': 'blue'}"
			],
			"minecraft:custom_data": {
				"your_namespace": {
					"super_stone": true
				},
				"smithed": {
					"ignore": {"functionality": true,"crafting": true}
				}
			},
			"minecraft:container": [
				{
					"slot": 0,
					"item": {"id": "minecraft:stone","count": 1,"components": {"minecraft:custom_data": {"smithed": {"block": {"id": "your_namespace:super_stone","from": "your_namespace"}}}}}
				}
			]
		}
	}
}
