{
  "providers": [
    {
      "type": "bitmap",
      "file": "your_namespace:font/category/material.png",
      "ascent": 0,
      "height": 130,
      "chars": [
        "\u1023"
      ]
    },
    {
      "type": "bitmap",
      "file": "your_namespace:font/high_res/super_iron_block.png",
      "ascent": 7,
      "height": 16,
      "chars": [
        "\u8021"
      ]
    },
    {
      "type": "bitmap",
      "file": "your_namespace:font/high_res/super_iron_ore.png",
      "ascent": 7,
      "height": 16,
      "chars": [
        "\u8023"
      ]
    },
    {
      "type": "bitmap",
      "file": "your_namespace:font/high_res/deepslate_super_iron_ore.png",
      "ascent": 7,
      "height": 16,
      "chars": [
        "\u8025"
      ]
    },
    {
      "type": "bitmap",
      "file": "your_namespace:font/high_res/raw_super_iron_block.png",
      "ascent": 7,
      "height": 16,
      "chars": [
        "\u8027"
      ]
    },
    {
      "type": "bitmap",
      "file": "your_namespace:font/high_res/super_iron_ingot.png",
      "ascent": 7,
      "height": 16,
      "chars": [
        "\u8029"
      ]
    },
    {
      "type": "bitmap",
      "file": "your_namespace:font/high_res/super_iron_nugget.png",
      "ascent": 7,
      "height": 16,
      "chars": [
        "\u802b"
      ]
    },
    {
      "type": "bitmap",
      "file": "your_namespace:font/high_res/raw_super_iron.png",
      "ascent": 7,
      "height": 16,
      "chars": [
        "\u802d"
      ]
    },
    {
      "type": "bitmap",
      "file": "your_namespace:font/high_res/super_iron_dust.png",
      "ascent": 7,
      "height": 16,
      "chars": [
        "\u802f"
      ]
    },
    {
      "type": "bitmap",
      "file": "your_namespace:font/category/equipment.png",
      "ascent": 0,
      "height": 130,
      "chars": [
        "\u1024"
      ]
    },
    {
      "type": "bitmap",
      "file": "your_namespace:font/high_res/super_iron_helmet.png",
      "ascent": 7,
      "height": 16,
      "chars": [
        "\u8031"
      ]
    },
    {
      "type": "bitmap",
      "file": "your_namespace:font/high_res/super_iron_chestplate.png",
      "ascent": 7,
      "height": 16,
      "chars": [
        "\u8033"
      ]
    },
    {
      "type": "bitmap",
      "file": "your_namespace:font/high_res/super_iron_leggings.png",
      "ascent": 7,
      "height": 16,
      "chars": [
        "\u8035"
      ]
    },
    {
      "type": "bitmap",
      "file": "your_namespace:font/high_res/super_iron_boots.png",
      "ascent": 7,
      "height": 16,
      "chars": [
        "\u8037"
      ]
    },
    {
      "type": "bitmap",
      "file": "your_namespace:font/high_res/super_iron_sword.png",
      "ascent": 7,
      "height": 16,
      "chars": [
        "\u8039"
      ]
    },
    {
      "type": "bitmap",
      "file": "your_namespace:font/high_res/super_iron_pickaxe.png",
      "ascent": 7,
      "height": 16,
      "chars": [
        "\u803b"
      ]
    },
    {
      "type": "bitmap",
      "file": "your_namespace:font/high_res/super_iron_axe.png",
      "ascent": 7,
      "height": 16,
      "chars": [
        "\u803d"
      ]
    },
    {
      "type": "bitmap",
      "file": "your_namespace:font/high_res/super_iron_shovel.png",
      "ascent": 7,
      "height": 16,
      "chars": [
        "\u803f"
      ]
    },
    {
      "type": "bitmap",
      "file": "your_namespace:font/high_res/super_iron_hoe.png",
      "ascent": 7,
      "height": 16,
      "chars": [
        "\u8041"
      ]
    },
    {
      "type": "bitmap",
      "file": "your_namespace:font/high_res/super_iron_ingot_9.png",
      "ascent": 7,
      "height": 16,
      "chars": [
        "\u8047"
      ]
    },
    {
      "type": "bitmap",
      "file": "your_namespace:font/wiki_icons/your_namespace_super_iron_ingot.png",
      "ascent": 8,
      "height": 16,
      "chars": [
        "\u8049"
      ]
    },
    {
      "type": "bitmap",
      "file": "your_namespace:font/wiki_icons/your_namespace_super_iron_ingot.png",
      "ascent": 8,
      "height": 16,
      "chars": [
        "\u804e"
      ]
    },
    {
      "type": "bitmap",
      "file": "your_namespace:font/wiki_icons/your_namespace_super_iron_ingot.png",
      "ascent": 8,
      "height": 16,
      "chars": [
        "\u8053"
      ]
    },
    {
      "type": "bitmap",
      "file": "your_namespace:font/wiki_icons/your_namespace_super_iron_block.png",
      "ascent": 8,
      "height": 16,
      "chars": [
        "\u8068"
      ]
    },
    {
      "type": "bitmap",
      "file": "your_namespace:font/wiki_icons/your_namespace_super_iron_helmet.png",
      "ascent": 8,
      "height": 16,
      "chars": [
        "\u806b"
      ]
    },
    {
      "type": "bitmap",
      "file": "your_namespace:font/wiki_icons/your_namespace_super_iron_chestplate.png",
      "ascent": 8,
      "height": 16,
      "chars": [
        "\u806e"
      ]
    },
    {
      "type": "bitmap",
      "file": "your_namespace:font/wiki_icons/your_namespace_super_iron_leggings.png",
      "ascent": 8,
      "height": 16,
      "chars": [
        "\u8071"
      ]
    },
    {
      "type": "bitmap",
      "file": "your_namespace:font/wiki_icons/your_namespace_super_iron_boots.png",
      "ascent": 8,
      "height": 16,
      "chars": [
        "\u8074"
      ]
    },
    {
      "type": "bitmap",
      "file": "your_namespace:font/high_res/stick.png",
      "ascent": 7,
      "height": 16,
      "chars": [
        "\u8077"
      ]
    },
    {
      "type": "bitmap",
      "file": "your_namespace:font/wiki_icons/your_namespace_super_iron_sword.png",
      "ascent": 8,
      "height": 16,
      "chars": [
        "\u8078"
      ]
    },
    {
      "type": "bitmap",
      "file": "your_namespace:font/wiki_icons/your_namespace_super_iron_pickaxe.png",
      "ascent": 8,
      "height": 16,
      "chars": [
        "\u807c"
      ]
    },
    {
      "type": "bitmap",
      "file": "your_namespace:font/wiki_icons/your_namespace_super_iron_axe.png",
      "ascent": 8,
      "height": 16,
      "chars": [
        "\u8080"
      ]
    },
    {
      "type": "bitmap",
      "file": "your_namespace:font/wiki_icons/your_namespace_super_iron_shovel.png",
      "ascent": 8,
      "height": 16,
      "chars": [
        "\u8084"
      ]
    },
    {
      "type": "bitmap",
      "file": "your_namespace:font/wiki_icons/your_namespace_super_iron_hoe.png",
      "ascent": 8,
      "height": 16,
      "chars": [
        "\u8088"
      ]
    },
    {
      "type": "bitmap",
      "file": "your_namespace:font/wiki_icons/your_namespace_super_iron_ingot.png",
      "ascent": 8,
      "height": 16,
      "chars": [
        "\u809f"
      ]
    },
    {
      "type": "bitmap",
      "file": "your_namespace:font/wiki_icons/your_namespace_raw_super_iron_block.png",
      "ascent": 8,
      "height": 16,
      "chars": [
        "\u80a4"
      ]
    },
    {
      "type": "bitmap",
      "file": "your_namespace:font/wiki_icons/your_namespace_super_iron_ingot.png",
      "ascent": 8,
      "height": 16,
      "chars": [
        "\u80a7"
      ]
    },
    {
      "type": "bitmap",
      "file": "your_namespace:font/wiki_icons/your_namespace_super_iron_ingot.png",
      "ascent": 8,
      "height": 16,
      "chars": [
        "\u80ac"
      ]
    },
    {
      "type": "bitmap",
      "file": "your_namespace:font/wiki_icons/your_namespace_super_iron_ingot.png",
      "ascent": 8,
      "height": 16,
      "chars": [
        "\u80af"
      ]
    },
    {
      "type": "bitmap",
      "file": "your_namespace:font/wiki_icons/your_namespace_super_iron_nugget.png",
      "ascent": 8,
      "height": 16,
      "chars": [
        "\u80b6"
      ]
    },
    {
      "type": "bitmap",
      "file": "your_namespace:font/wiki_icons/your_namespace_super_iron_nugget.png",
      "ascent": 8,
      "height": 16,
      "chars": [
        "\u80bd"
      ]
    },
    {
      "type": "bitmap",
      "file": "your_namespace:font/wiki_icons/your_namespace_super_iron_nugget.png",
      "ascent": 8,
      "height": 16,
      "chars": [
        "\u80c4"
      ]
    },
    {
      "type": "bitmap",
      "file": "your_namespace:font/wiki_icons/your_namespace_super_iron_nugget.png",
      "ascent": 8,
      "height": 16,
      "chars": [
        "\u80cb"
      ]
    },
    {
      "type": "bitmap",
      "file": "your_namespace:font/wiki_icons/your_namespace_super_iron_nugget.png",
      "ascent": 8,
      "height": 16,
      "chars": [
        "\u80d4"
      ]
    },
    {
      "type": "bitmap",
      "file": "your_namespace:font/wiki_icons/your_namespace_super_iron_nugget.png",
      "ascent": 8,
      "height": 16,
      "chars": [
        "\u80dd"
      ]
    },
    {
      "type": "bitmap",
      "file": "your_namespace:font/wiki_icons/your_namespace_super_iron_nugget.png",
      "ascent": 8,
      "height": 16,
      "chars": [
        "\u80e6"
      ]
    },
    {
      "type": "bitmap",
      "file": "your_namespace:font/wiki_icons/your_namespace_super_iron_nugget.png",
      "ascent": 8,
      "height": 16,
      "chars": [
        "\u80ef"
      ]
    },
    {
      "type": "bitmap",
      "file": "your_namespace:font/wiki_icons/your_namespace_super_iron_nugget.png",
      "ascent": 8,
      "height": 16,
      "chars": [
        "\u80f8"
      ]
    },
    {
      "type": "bitmap",
      "file": "your_namespace:font/category/categories_page.png",
      "ascent": 0,
      "height": 130,
      "chars": [
        "\u1021"
      ]
    },
    {
      "type": "bitmap",
      "file": "your_namespace:font/page/_logo.png",
      "ascent": 0,
      "height": 40,
      "chars": [
        "\u1020"
      ]
    },
    {
      "type": "bitmap",
      "file": "your_namespace:font/none.png",
      "ascent": 8,
      "height": 20,
      "chars": [
        " "
      ]
    },
    {
      "type": "bitmap",
      "file": "your_namespace:font/none.png",
      "ascent": 8,
      "height": 18,
      "chars": [
        "!"
      ]
    },
    {
      "type": "bitmap",
      "file": "your_namespace:font/none.png",
      "ascent": 7,
      "height": 7,
      "chars": [
        "\""
      ]
    },
    {
      "type": "bitmap",
      "file": "your_namespace:font/none.png",
      "ascent": 0,
      "height": 2,
      "chars": [
        "#"
      ]
    },
    {
      "type": "bitmap",
      "file": "your_namespace:font/none.png",
      "ascent": 0,
      "height": 1,
      "chars": [
        "$"
      ]
    },
    {
      "type": "bitmap",
      "file": "your_namespace:font/none.png",
      "ascent": 7,
      "height": 16,
      "chars": [
        "%"
      ]
    },
    {
      "type": "bitmap",
      "file": "your_namespace:font/invisible_item.png",
      "ascent": 7,
      "height": 16,
      "chars": [
        "/"
      ]
    },
    {
      "type": "bitmap",
      "file": "your_namespace:font/wiki_information.png",
      "ascent": 8,
      "height": 16,
      "chars": [
        "&"
      ]
    },
    {
      "type": "bitmap",
      "file": "your_namespace:font/wiki_result_of_craft.png",
      "ascent": 8,
      "height": 16,
      "chars": [
        "'"
      ]
    },
    {
      "type": "bitmap",
      "file": "your_namespace:font/wiki_ingredient_of_craft.png",
      "ascent": 8,
      "height": 16,
      "chars": [
        "("
      ]
    },
    {
      "type": "bitmap",
      "file": "your_namespace:font/shaped_3x3.png",
      "ascent": 1,
      "height": 58,
      "chars": [
        "*"
      ]
    },
    {
      "type": "bitmap",
      "file": "your_namespace:font/shaped_2x2.png",
      "ascent": 1,
      "height": 58,
      "chars": [
        ")"
      ]
    },
    {
      "type": "bitmap",
      "file": "your_namespace:font/furnace.png",
      "ascent": 1,
      "height": 58,
      "chars": [
        "+"
      ]
    },
    {
      "type": "bitmap",
      "file": "your_namespace:font/shaped_3x3.png",
      "ascent": -4,
      "height": 58,
      "chars": [
        "-"
      ]
    },
    {
      "type": "bitmap",
      "file": "your_namespace:font/shaped_2x2.png",
      "ascent": -2,
      "height": 58,
      "chars": [
        ","
      ]
    },
    {
      "type": "bitmap",
      "file": "your_namespace:font/furnace.png",
      "ascent": -3,
      "height": 58,
      "chars": [
        "."
      ]
    }
  ]
}
