{
  "providers": [
    {
      "type": "bitmap",
      "file": "your_namespace:font/category/material.png",
      "ascent": 0,
      "height": 130,
      "chars": [
        "\u1023"
      ]
    },
    {
      "type": "bitmap",
      "file": "your_namespace:font/high_res/steel_block.png",
      "ascent": 7,
      "height": 16,
      "chars": [
        "\u8021"
      ]
    },
    {
      "type": "bitmap",
      "file": "your_namespace:font/high_res/steel_ore.png",
      "ascent": 7,
      "height": 16,
      "chars": [
        "\u8023"
      ]
    },
    {
      "type": "bitmap",
      "file": "your_namespace:font/high_res/deepslate_steel_ore.png",
      "ascent": 7,
      "height": 16,
      "chars": [
        "\u8025"
      ]
    },
    {
      "type": "bitmap",
      "file": "your_namespace:font/high_res/raw_steel_block.png",
      "ascent": 7,
      "height": 16,
      "chars": [
        "\u8027"
      ]
    },
    {
      "type": "bitmap",
      "file": "your_namespace:font/high_res/steel_ingot.png",
      "ascent": 7,
      "height": 16,
      "chars": [
        "\u8029"
      ]
    },
    {
      "type": "bitmap",
      "file": "your_namespace:font/high_res/steel_nugget.png",
      "ascent": 7,
      "height": 16,
      "chars": [
        "\u802b"
      ]
    },
    {
      "type": "bitmap",
      "file": "your_namespace:font/high_res/raw_steel.png",
      "ascent": 7,
      "height": 16,
      "chars": [
        "\u802d"
      ]
    },
    {
      "type": "bitmap",
      "file": "your_namespace:font/high_res/steel_stick.png",
      "ascent": 7,
      "height": 16,
      "chars": [
        "\u802f"
      ]
    },
    {
      "type": "bitmap",
      "file": "your_namespace:font/high_res/stone_stick.png",
      "ascent": 7,
      "height": 16,
      "chars": [
        "\u8031"
      ]
    },
    {
      "type": "bitmap",
      "file": "your_namespace:font/high_res/stone_rod.png",
      "ascent": 7,
      "height": 16,
      "chars": [
        "\u8033"
      ]
    },
    {
      "type": "bitmap",
      "file": "your_namespace:font/category/equipment.png",
      "ascent": 0,
      "height": 130,
      "chars": [
        "\u1024"
      ]
    },
    {
      "type": "bitmap",
      "file": "your_namespace:font/high_res/steel_helmet.png",
      "ascent": 7,
      "height": 16,
      "chars": [
        "\u8035"
      ]
    },
    {
      "type": "bitmap",
      "file": "your_namespace:font/high_res/steel_chestplate.png",
      "ascent": 7,
      "height": 16,
      "chars": [
        "\u8037"
      ]
    },
    {
      "type": "bitmap",
      "file": "your_namespace:font/high_res/steel_leggings.png",
      "ascent": 7,
      "height": 16,
      "chars": [
        "\u8039"
      ]
    },
    {
      "type": "bitmap",
      "file": "your_namespace:font/high_res/steel_boots.png",
      "ascent": 7,
      "height": 16,
      "chars": [
        "\u803b"
      ]
    },
    {
      "type": "bitmap",
      "file": "your_namespace:font/high_res/steel_sword.png",
      "ascent": 7,
      "height": 16,
      "chars": [
        "\u803d"
      ]
    },
    {
      "type": "bitmap",
      "file": "your_namespace:font/high_res/steel_pickaxe.png",
      "ascent": 7,
      "height": 16,
      "chars": [
        "\u803f"
      ]
    },
    {
      "type": "bitmap",
      "file": "your_namespace:font/high_res/steel_axe.png",
      "ascent": 7,
      "height": 16,
      "chars": [
        "\u8041"
      ]
    },
    {
      "type": "bitmap",
      "file": "your_namespace:font/high_res/steel_shovel.png",
      "ascent": 7,
      "height": 16,
      "chars": [
        "\u8043"
      ]
    },
    {
      "type": "bitmap",
      "file": "your_namespace:font/high_res/steel_hoe.png",
      "ascent": 7,
      "height": 16,
      "chars": [
        "\u8045"
      ]
    },
    {
      "type": "bitmap",
      "file": "your_namespace:font/category/misc.png",
      "ascent": 0,
      "height": 130,
      "chars": [
        "\u1025"
      ]
    },
    {
      "type": "bitmap",
      "file": "your_namespace:font/high_res/shazinho.png",
      "ascent": 7,
      "height": 16,
      "chars": [
        "\u8047"
      ]
    },
    {
      "type": "bitmap",
      "file": "your_namespace:font/high_res/super_stone.png",
      "ascent": 7,
      "height": 16,
      "chars": [
        "\u8049"
      ]
    },
    {
      "type": "bitmap",
      "file": "your_namespace:font/high_res/steel_ingot_9.png",
      "ascent": 7,
      "height": 16,
      "chars": [
        "\u804f"
      ]
    },
    {
      "type": "bitmap",
      "file": "your_namespace:font/wiki_icons/your_namespace_steel_ingot.png",
      "ascent": 8,
      "height": 16,
      "chars": [
        "\u8051"
      ]
    },
    {
      "type": "bitmap",
      "file": "your_namespace:font/wiki_icons/your_namespace_steel_ingot.png",
      "ascent": 8,
      "height": 16,
      "chars": [
        "\u8056"
      ]
    },
    {
      "type": "bitmap",
      "file": "your_namespace:font/wiki_icons/your_namespace_steel_ingot.png",
      "ascent": 8,
      "height": 16,
      "chars": [
        "\u805b"
      ]
    },
    {
      "type": "bitmap",
      "file": "your_namespace:font/wiki_icons/your_namespace_steel_block.png",
      "ascent": 8,
      "height": 16,
      "chars": [
        "\u806e"
      ]
    },
    {
      "type": "bitmap",
      "file": "your_namespace:font/high_res/steel_stick_4.png",
      "ascent": 7,
      "height": 16,
      "chars": [
        "\u806f"
      ]
    },
    {
      "type": "bitmap",
      "file": "your_namespace:font/wiki_icons/your_namespace_steel_stick.png",
      "ascent": 8,
      "height": 16,
      "chars": [
        "\u8071"
      ]
    },
    {
      "type": "bitmap",
      "file": "your_namespace:font/wiki_icons/your_namespace_steel_helmet.png",
      "ascent": 8,
      "height": 16,
      "chars": [
        "\u8074"
      ]
    },
    {
      "type": "bitmap",
      "file": "your_namespace:font/wiki_icons/your_namespace_steel_chestplate.png",
      "ascent": 8,
      "height": 16,
      "chars": [
        "\u8077"
      ]
    },
    {
      "type": "bitmap",
      "file": "your_namespace:font/wiki_icons/your_namespace_steel_leggings.png",
      "ascent": 8,
      "height": 16,
      "chars": [
        "\u807a"
      ]
    },
    {
      "type": "bitmap",
      "file": "your_namespace:font/wiki_icons/your_namespace_steel_boots.png",
      "ascent": 8,
      "height": 16,
      "chars": [
        "\u807d"
      ]
    },
    {
      "type": "bitmap",
      "file": "your_namespace:font/high_res/stick.png",
      "ascent": 7,
      "height": 16,
      "chars": [
        "\u8080"
      ]
    },
    {
      "type": "bitmap",
      "file": "your_namespace:font/wiki_icons/your_namespace_steel_sword.png",
      "ascent": 8,
      "height": 16,
      "chars": [
        "\u8081"
      ]
    },
    {
      "type": "bitmap",
      "file": "your_namespace:font/wiki_icons/your_namespace_steel_pickaxe.png",
      "ascent": 8,
      "height": 16,
      "chars": [
        "\u8085"
      ]
    },
    {
      "type": "bitmap",
      "file": "your_namespace:font/wiki_icons/your_namespace_steel_axe.png",
      "ascent": 8,
      "height": 16,
      "chars": [
        "\u8089"
      ]
    },
    {
      "type": "bitmap",
      "file": "your_namespace:font/wiki_icons/your_namespace_steel_shovel.png",
      "ascent": 8,
      "height": 16,
      "chars": [
        "\u808d"
      ]
    },
    {
      "type": "bitmap",
      "file": "your_namespace:font/wiki_icons/your_namespace_steel_hoe.png",
      "ascent": 8,
      "height": 16,
      "chars": [
        "\u8091"
      ]
    },
    {
      "type": "bitmap",
      "file": "your_namespace:font/wiki_icons/your_namespace_steel_ingot.png",
      "ascent": 8,
      "height": 16,
      "chars": [
        "\u80a8"
      ]
    },
    {
      "type": "bitmap",
      "file": "your_namespace:font/wiki_icons/your_namespace_raw_steel_block.png",
      "ascent": 8,
      "height": 16,
      "chars": [
        "\u80ad"
      ]
    },
    {
      "type": "bitmap",
      "file": "your_namespace:font/wiki_icons/your_namespace_steel_ingot.png",
      "ascent": 8,
      "height": 16,
      "chars": [
        "\u80b0"
      ]
    },
    {
      "type": "bitmap",
      "file": "your_namespace:font/high_res/stone_stick_4.png",
      "ascent": 7,
      "height": 16,
      "chars": [
        "\u80b5"
      ]
    },
    {
      "type": "bitmap",
      "file": "your_namespace:font/high_res/stone.png",
      "ascent": 7,
      "height": 16,
      "chars": [
        "\u80b6"
      ]
    },
    {
      "type": "bitmap",
      "file": "your_namespace:font/wiki_icons/your_namespace_steel_nugget.png",
      "ascent": 8,
      "height": 16,
      "chars": [
        "\u80c3"
      ]
    },
    {
      "type": "bitmap",
      "file": "your_namespace:font/wiki_icons/your_namespace_steel_nugget.png",
      "ascent": 8,
      "height": 16,
      "chars": [
        "\u80ca"
      ]
    },
    {
      "type": "bitmap",
      "file": "your_namespace:font/wiki_icons/your_namespace_steel_nugget.png",
      "ascent": 8,
      "height": 16,
      "chars": [
        "\u80d1"
      ]
    },
    {
      "type": "bitmap",
      "file": "your_namespace:font/wiki_icons/your_namespace_steel_nugget.png",
      "ascent": 8,
      "height": 16,
      "chars": [
        "\u80d8"
      ]
    },
    {
      "type": "bitmap",
      "file": "your_namespace:font/wiki_icons/your_namespace_steel_nugget.png",
      "ascent": 8,
      "height": 16,
      "chars": [
        "\u80e1"
      ]
    },
    {
      "type": "bitmap",
      "file": "your_namespace:font/wiki_icons/your_namespace_steel_nugget.png",
      "ascent": 8,
      "height": 16,
      "chars": [
        "\u80ea"
      ]
    },
    {
      "type": "bitmap",
      "file": "your_namespace:font/wiki_icons/your_namespace_steel_nugget.png",
      "ascent": 8,
      "height": 16,
      "chars": [
        "\u80f3"
      ]
    },
    {
      "type": "bitmap",
      "file": "your_namespace:font/wiki_icons/your_namespace_steel_nugget.png",
      "ascent": 8,
      "height": 16,
      "chars": [
        "\u80fc"
      ]
    },
    {
      "type": "bitmap",
      "file": "your_namespace:font/wiki_icons/your_namespace_steel_nugget.png",
      "ascent": 8,
      "height": 16,
      "chars": [
        "\u8105"
      ]
    },
    {
      "type": "bitmap",
      "file": "your_namespace:font/page/shazinho.png",
      "ascent": 0,
      "height": 40,
      "chars": [
        "\u1039"
      ]
    },
    {
      "type": "bitmap",
      "file": "your_namespace:font/high_res/deepslate.png",
      "ascent": 7,
      "height": 16,
      "chars": [
        "\u810c"
      ]
    },
    {
      "type": "bitmap",
      "file": "your_namespace:font/category/categories_page.png",
      "ascent": 0,
      "height": 130,
      "chars": [
        "\u1021"
      ]
    },
    {
      "type": "bitmap",
      "file": "your_namespace:font/page/_logo.png",
      "ascent": 0,
      "height": 40,
      "chars": [
        "\u1020"
      ]
    },
    {
      "type": "bitmap",
      "file": "your_namespace:font/none.png",
      "ascent": 8,
      "height": 20,
      "chars": [
        " "
      ]
    },
    {
      "type": "bitmap",
      "file": "your_namespace:font/none.png",
      "ascent": 8,
      "height": 18,
      "chars": [
        "!"
      ]
    },
    {
      "type": "bitmap",
      "file": "your_namespace:font/none.png",
      "ascent": 7,
      "height": 7,
      "chars": [
        "\""
      ]
    },
    {
      "type": "bitmap",
      "file": "your_namespace:font/none.png",
      "ascent": 0,
      "height": 2,
      "chars": [
        "#"
      ]
    },
    {
      "type": "bitmap",
      "file": "your_namespace:font/none.png",
      "ascent": 0,
      "height": 1,
      "chars": [
        "$"
      ]
    },
    {
      "type": "bitmap",
      "file": "your_namespace:font/none.png",
      "ascent": 7,
      "height": 16,
      "chars": [
        "%"
      ]
    },
    {
      "type": "bitmap",
      "file": "your_namespace:font/invisible_item.png",
      "ascent": 7,
      "height": 16,
      "chars": [
        "/"
      ]
    },
    {
      "type": "bitmap",
      "file": "your_namespace:font/wiki_information.png",
      "ascent": 8,
      "height": 16,
      "chars": [
        "&"
      ]
    },
    {
      "type": "bitmap",
      "file": "your_namespace:font/wiki_result_of_craft.png",
      "ascent": 8,
      "height": 16,
      "chars": [
        "'"
      ]
    },
    {
      "type": "bitmap",
      "file": "your_namespace:font/wiki_ingredient_of_craft.png",
      "ascent": 8,
      "height": 16,
      "chars": [
        "("
      ]
    },
    {
      "type": "bitmap",
      "file": "your_namespace:font/shaped_3x3.png",
      "ascent": 1,
      "height": 58,
      "chars": [
        "*"
      ]
    },
    {
      "type": "bitmap",
      "file": "your_namespace:font/shaped_2x2.png",
      "ascent": 1,
      "height": 58,
      "chars": [
        ")"
      ]
    },
    {
      "type": "bitmap",
      "file": "your_namespace:font/furnace.png",
      "ascent": 1,
      "height": 58,
      "chars": [
        "+"
      ]
    },
    {
      "type": "bitmap",
      "file": "your_namespace:font/shaped_3x3.png",
      "ascent": -4,
      "height": 58,
      "chars": [
        "-"
      ]
    },
    {
      "type": "bitmap",
      "file": "your_namespace:font/shaped_2x2.png",
      "ascent": -2,
      "height": 58,
      "chars": [
        ","
      ]
    },
    {
      "type": "bitmap",
      "file": "your_namespace:font/furnace.png",
      "ascent": -3,
      "height": 58,
      "chars": [
        "."
      ]
    }
  ]
}
