{
  "__bookshelf__": {
    "feature": true,
    "documentation": "https://docs.mcbookshelf.dev/en/latest/modules/link.html#reverse-behaviors",
    "authors": [
      "Aksiome",
      "Leirof"
    ],
    "created": {
      "date": "2018/06/29",
      "minecraft_version": "1.13"
    },
    "updated": {
      "date": "2023/09/11",
      "minecraft_version": "1.20.4"
    }
  },
  "replace": true,
  "values": [
    "#bs.link:behaviors/setup",
    "#bs.link:behaviors/reverse_rot_h",
    "#bs.link:behaviors/reverse_rot_v",
    "#bs.link:behaviors/apply"
  ]
}
