{
	"type": "minecraft:smelting",
	"ingredient": {
		"item": "minecraft:leather_helmet"
	},
	"result": {
		"id": "minecraft:command_block",
		"count": 1,
		"components": {
			"minecraft:custom_data": {
				"smithed": {
					"dict": {
						"nugget": {
							"super_iron": true
						}
					},
					"ignore": {
						"functionality": true,
						"crafting": true
					}
				},
				"your_namespace": {
					"super_iron_nugget": true
				}
			},
			"minecraft:custom_model_data": 30005,
			"minecraft:item_name": "{'translate':'your_namespace.super_iron_nugget', 'italic': false, 'color': 'white'}",
			"minecraft:lore": [
				"{'translate':'your_namespace.template', 'italic': true, 'color': 'blue'}"
			]
		}
	},
	"experience": 0.8,
	"cookingtime": 200
}
