{
	"type": "minecraft:smelting",
	"ingredient": "minecraft:iron_sword",
	"result": {
		"id": "minecraft:command_block",
		"count": 1,
		"components": {
			"minecraft:custom_data": {
				"smithed": {
					"dict": {
						"nugget": {
							"steel": true
						}
					},
					"ignore": {
						"functionality": true,
						"crafting": true
					}
				},
				"your_namespace": {
					"steel_nugget": true
				}
			},
			"minecraft:item_model": "your_namespace:steel_nugget",
			"minecraft:item_name": "{\"translate\":\"your_namespace.steel_nugget\", \"italic\": false, \"color\": \"white\"}",
			"minecraft:lore": [
				"{\"translate\":\"your_namespace.template\", \"italic\": true, \"color\": \"blue\"}"
			]
		}
	},
	"experience": 0.8,
	"cookingtime": 200
}
