{
	"pools": [
		{
			"rolls": 1,
			"entries": [
				{
					"type": "minecraft:item",
					"name": "minecraft:written_book",
					"functions": [
						{
							"function": "minecraft:set_components",
							"components": {
								"minecraft:written_book_content": {
									"title": "Template Manual",
									"author": "Stoupy51",
									"pages": ["['', {'translate':'your_namespace.template_manual', 'underlined': True}, {'text':'!!ဠ\\n\\n\\n\\n\\n\\n', 'font': 'your_namespace:manual', 'color': 'white'}, {'translate':'your_namespace.the_following_manual_will_guide_you_through_recipes_and_energy_s', 'color': '#505050'}]","[{'text':'', 'font': 'your_namespace:manual', 'color': 'white'}, {'text':'➤ ', 'font': 'minecraft:default', 'color': 'black'}, {'translate':'your_namespace.category_browser', 'font': 'minecraft:default', 'color': 'black', 'underlined': True}, '\"အ\\n']"]
								},
								"minecraft:lore": [
									"[{'translate':'your_namespace.template', 'italic': true, 'color': 'blue'}]"
								],
								"minecraft:custom_model_data": 29999,
								"minecraft:enchantment_glint_override": false
							}
						}
					]
				}
			]
		}
	]
}
