{
	"pools": [
		{
			"rolls": 1,
			"entries": [
				{
					"type": "minecraft:item",
					"name": "minecraft:iron_hoe",
					"functions": [
						{
							"function": "minecraft:set_components",
							"components": {
								"minecraft:custom_data": {
									"smithed": {"dict": {"tools": {"steel": true,"hoe": true}},"ignore": {"functionality": true,"crafting": true}},
									"your_namespace": {"steel_hoe": true}
								},
								"minecraft:max_damage": 750,
								"minecraft:attribute_modifiers": [
									{"type": "attack_damage","amount": 1,"operation": "add_value","slot": "mainhand","id": "minecraft:base_attack_damage"},
									{"type": "attack_speed","amount": -1.0,"operation": "add_value","slot": "mainhand","id": "minecraft:base_attack_speed"},
									{"type": "mining_efficiency","amount": 0.2,"operation": "add_value","slot": "mainhand","id": "your_namespace:mining_efficiency.mainhand"}
								],
								"minecraft:item_model": "your_namespace:steel_hoe",
								"minecraft:item_name": "{'translate':'your_namespace.steel_hoe', 'italic': false, 'color': 'white'}",
								"minecraft:lore": [
									"{'translate':'your_namespace.template', 'italic': true, 'color': 'blue'}"
								]
							}
						}
					]
				}
			]
		}
	]
}
