{
  "__bookshelf__": {
    "feature": true,
    "documentation": "https://docs.mcbookshelf.dev/en/latest/modules/view.html#blocks",
    "authors": [
      "Aksiome"
    ],
    "created": {
      "date": "2025/01/24",
      "minecraft_version": "1.21.4"
    },
    "updated": {
      "date": "2025/01/24",
      "minecraft_version": "1.21.4"
    }
  },
  "replace": true,
  "values": [
    "#bs.hitbox:intangible",
    "#minecraft:banners",
    "#minecraft:buttons",
    "#minecraft:cave_vines",
    "#minecraft:crops",
    "#minecraft:fire",
    "#minecraft:pressure_plates",
    "#minecraft:rails",
    "#minecraft:saplings",
    "#minecraft:signs",
    "#minecraft:flowers",
    "minecraft:big_dripleaf_stem",
    "minecraft:brain_coral_fan",
    "minecraft:brain_coral_wall_fan",
    "minecraft:brain_coral",
    "minecraft:bubble_coral_fan",
    "minecraft:bubble_coral_wall_fan",
    "minecraft:bubble_coral",
    "minecraft:cobweb",
    "minecraft:crimson_roots",
    "minecraft:dead_brain_coral_fan",
    "minecraft:dead_brain_coral_wall_fan",
    "minecraft:dead_brain_coral",
    "minecraft:dead_bubble_coral_fan",
    "minecraft:dead_bubble_coral_wall_fan",
    "minecraft:dead_bubble_coral",
    "minecraft:dead_bush",
    "minecraft:dead_fire_coral_fan",
    "minecraft:dead_fire_coral_wall_fan",
    "minecraft:dead_fire_coral",
    "minecraft:dead_horn_coral_fan",
    "minecraft:dead_horn_coral_wall_fan",
    "minecraft:dead_horn_coral",
    "minecraft:dead_tube_coral_fan",
    "minecraft:dead_tube_coral_wall_fan",
    "minecraft:dead_tube_coral",
    "minecraft:fern",
    "minecraft:fire_coral_fan",
    "minecraft:fire_coral_wall_fan",
    "minecraft:fire_coral",
    "minecraft:frogspawn",
    "minecraft:glow_lichen",
    "minecraft:hanging_roots",
    "minecraft:horn_coral_fan",
    "minecraft:horn_coral_wall_fan",
    "minecraft:horn_coral",
    "minecraft:kelp_plant",
    "minecraft:large_fern",
    "minecraft:lever",
    "minecraft:nether_sprouts",
    "minecraft:powder_snow",
    "minecraft:redstone_torch",
    "minecraft:redstone_wall_torch",
    "minecraft:redstone_wire",
    "minecraft:sculk_vein",
    "minecraft:seagrass",
    "minecraft:short_grass",
    "minecraft:small_dripleaf",
    "minecraft:soul_torch",
    "minecraft:soul_wall_torch",
    "minecraft:tall_grass",
    "minecraft:tall_seagrass",
    "minecraft:torch",
    "minecraft:tripwire_hook",
    "minecraft:tripwire",
    "minecraft:tube_coral_fan",
    "minecraft:tube_coral_wall_fan",
    "minecraft:tube_coral",
    "minecraft:twisting_vines_plant",
    "minecraft:twisting_vines",
    "minecraft:vine",
    "minecraft:wall_torch",
    "minecraft:warped_roots",
    "minecraft:weeping_vines_plant",
    "minecraft:weeping_vines"
  ]
}
