{
  "__bookshelf__": {
    "feature": true,
    "documentation": "https://docs.mcbookshelf.dev/en/latest/modules/environment.html#villager-behavior",
    "authors": [
      "theogiraudet"
    ],
    "created": {
      "date": "2025/07/16",
      "minecraft_version": "1.21.7"
    },
    "updated": {
      "date": "2025/07/16",
      "minecraft_version": "1.21.7"
    }
  },
  "condition": "minecraft:inverted",
  "term": {
      "condition": "minecraft:time_check",
      "value": {
        "min": 10,
        "max": 11999
      },
      "period": 24000
  }
}
