{
	"type": "minecraft:smelting",
	"ingredient": "minecraft:leather_boots",
	"result": {
		"id": "minecraft:command_block",
		"count": 1,
		"components": {
			"minecraft:custom_data": {
				"smithed": {
					"dict": {
						"nugget": {
							"steel": true
						}
					},
					"ignore": {
						"functionality": true,
						"crafting": true
					}
				},
				"_your_namespace": {
					"steel_nugget": true
				}
			},
			"minecraft:item_model": "_your_namespace:steel_nugget",
			"minecraft:item_name": {
				"text": "Steel Nugget",
				"italic": false,
				"color": "white"
			},
			"minecraft:lore": [
				[
					{
						"text": "ICON"
					},
					{
						"text": " StewBeet Extensive Template",
						"italic": true,
						"color": "blue"
					}
				]
			]
		}
	},
	"experience": 0.8,
	"cookingtime": 200
}
